,일주일 식단
0,"[[['삼색수제비국', '삼치카레구이', '진미채볶음', '냉이된장무침', '배추김치'], ['오징어무국', '스크램블에그', '베이컨감자채볶음', '쑥갓나물', '배추김치'], ['톳밥', '추어탕', '돈육계란장조림', '해물파전', '깻잎지', '알타리김치']], [['동태알탕', '닭감자조림', '톳두부무침', '애호박새우젓볶음', '배추김치'], ['육개장', '두부전&양념장', '코다리순살무조림', '유채나물', '배추김치'], ['매생이굴국', '돼지갈비떡찜', '숙주맛살무침', '참나물무침', '배추김치']], [['쇠고기떡국', '참치야채볶음', '감자메추리알조림', '유채나물', '배추김치'], ['누룽지', '쇠고기계란장조림', '표고버섯새우살볶음', '어묵고추장볶음', '깍두기'], ['찰현미밥', '두부호박청국장국', '삼치카레구이', '돌김&양념장', '오이소박이', '파김치']], [['돈육김치찌개', '고등어카레구이', '달래오이무침', '미나리나물', '갓김치'], ['아욱된장국', '캔꽁치무조림', '새송이버섯새우살볶음', '깻잎지', '배추김치'], ['팥칼국수', '오징어도라지초무침', '콩나물무침', '고구마&단호박 튀김', '배추김치']], [['북어채무두부국', '분홍소세지전', '참치두부조림', '무생채액젓무침', '배추김치'], ['시래기된장국', '떡갈비새송이버섯조림', '순대야채볶음', '미역맛살무침', '배추김치'], ['검정쌀밥', '콩나물매운국', '돼지갈비단호박찜', '꼬시래기무침', '봄동겉절이', '갓김치']], [['근대된장국', '가자미구이', '돌김&양념장', '깻잎순볶음', '배추김치'], ['쇠고기미역국', '새우젓계란찜', '미트볼칠리소스조림', '숙주부추나물', '배추김치'], ['삼색수제비국', '오리훈제버섯볶음', '멸치꽈리고추조림', '꼴두기젓무침', '배추김치']], [['코다리두부국', '가쓰오브시계란말이', '쫄면야채무침', '느타리버섯새우살볶음', '배추김치'], ['물만두국', '게맛살계란말이', '어묵고추장볶음', '도라지들깨볶음', '갓김치'], ['김밥(한줄반)', '종합어묵쑥갓국', '순대야채볶음', '도라지오이초무침', '귤', '배추김치']]]"
1,"[[['콩나물김치국', '생선까스&소스', '미역줄기볶음', '냉이된장무침', '배추김치'], ['오징어무국', '너비아니구이', '감자채햄볶음', '쑥갓두부무침', '배추김치'], ['강황쌀밥', '닭개장', '두부전&양념장', '참치야채볶음', '시금치나물', '알타리김치']], [['장어탕', '돈육잡채볶음', '검정콩조림', '단무지채쏭쏭무침', '배추김치'], ['동태알탕', '부들어묵꽈리고추볶음', '김자반볶음', '쭈꾸미시금치초무침', '배추김치'], ['보리쌀밥', '얼갈이된장국', '제육볶음&상추쌈', '콩나물무침', '배추김치']], [['팽이버섯된장국', '가자미구이', '도토리묵치커리무침', '스위트콘샐러드', '배추김치'], ['북어채무두부국', '쇠고기낙지야채볶음', '마늘쫑장아찌무침', '실곤약야채무침', '배추김치'], ['팥찰쌀밥', '건새우미역국', '탕수육&소스', '해물볶음우동', '달래부추무침', '알타리김치']], [['삼색수제비국', '오징어야채볶음', '메추리알새송이버섯조림', '취나물무침', '배추김치'], ['참치김치찌개', '돈육메추리알장조림', '미역줄기볶음', '낙지젓무침', '배추김치'], ['참치야채비빔밥', '우렁살된장찌개', '오이양파무침', '귤', '쌈배추겉절이']], [['우렁살된장찌개', '비엔나소세지야채볶음', '연두부(100g)&양념장', '봄동겉절이', '파김치'], ['쇠고기야채죽', '참조기구이', '애호박새우살볶음', '숙주맛살무침', '배추김치'], ['검정쌀밥', '알어묵국', '닭감자조림', '돌김&양념장', '오이생채', '배추김치']], [['추어탕', '오징어잡채볶음', '스크램블에그', '유채나물', '배추김치'], ['돼지등뼈시래기탕', '해물완자전', '꽁치무조림', '브로콜리/초고추장', '배추김치'], ['홍합탕', '생선까스&소스', '그린샐러드&유자드레싱', '명엽채볶음', '배추김치']], [['무우오뎅국', '코다리순살무조림', '돈육메추리알장조림', '곰피&초고추장', '배추김치'], ['쇠고기미역국', '색색야채계란찜', '홍합살물파래전', '쌈배추나물', '깍두기'], ['보리쌀밥', '근대된장국', '제육볶음&상추쌈', '단무지채쏭쏭무침', '귤', '배추김치']]]"
2,"[[['콩나물매운국', '치킨까스&소스', '돈육김치볶음', '김자반볶음', '석박지'], ['두부새우젓계란탕', '삼치데리야끼조림', '새송이버섯새우살볶음', '미나리나물', '배추김치'], ['오징어덮밥', '쑥된장국', '시금치나물', '과일샐러드', '식빵튀김', '알타리김치']], [['오리탕', '분홍소세지전', '갈치호박조림', '숙주나물', '배추김치'], ['팽이버섯된장국', '홍합살물파래전', '캔꽁치무조림', '가랏나물', '배추김치'], ['코다리두부국', '두부전&양념장', '돼지족발냉채', '깻잎지', '배추김치']], [['쇠고기무두부국', '날치알계란찜', '떡갈비조림', '실곤약야채무침', '석박지'], ['대구알탕', '미트볼칠리소스조림', '새송이버섯새우살볶음', '무생채액젓무침', '배추김치'], ['강황쌀밥', '쑥된장국', '돈육잡채볶음', '베이컨감자채볶음', '곰피&초고추장', '배추김치']], [['얼갈이된장국', '가자미구이', '톳콩나물초무침', '느타리버섯볶음', '배추김치'], ['크림스프', '모닝빵&딸기쨈', '참치계란야채전', '김가루무침', '배추김치'], ['굴매생이떡국', '청파래오징어까스&소스', '골뱅이오이초무침', '그린샐러드&유자드레싱', '배추김치']], [['추어탕', '애호박전', '탕수육칠리소스볶음', '콩나물무침', '배추김치'], ['북어채무두부국', '쇠고기메추리알장조림', '애호박새우살볶음', '낙지젓무침', '배추김치'], ['보리쌀밥', '콩나물김치국', '삼치무조림', '햄피망조림', '봄동겉절이', '깍두기']], [['어묵무쑥갓국', '닭감자조림', '미역줄기볶음', '무생채액젓무침', '배추김치'], ['돈육김치찌개', '부들어묵꽈리고추볶음', '돌김&양념장', '쑥갓두부무침', '갓김치'], ['순두부찌개', '참조기구이', '숙주나물', '스위트콘샐러드', '배추김치']], [['쇠고기팽이버섯국', '대구콩나물찜', '치즈떡어묵메추리알떡볶이', '냉이된장무침', '배추김치'], ['육개장', '분홍소세지전', '오징어브로컬리냉채&초고추장', '멸치엿조림', '배추김치'], ['보리쌀밥', '건새우시금치된장국', '돼지갈비조랭이떡찜', '다진새송이해물전', '잔파김가루무침', '배추김치']]]"
3,"[[['근대된장국', '오리훈제버섯볶음', '멸치아몬드조림', '돌김&양념장', '배추김치'], ['두부호박청국장국', '삼치무조림', '감자채볶음', '물파래무무침', '배추김치'], ['콩나물밥&부추양념장', '꽃게탕', '오징어시금치초무침', '고구마치즈돈까스&소스', '귤', '배추김치']], [['부대찌개', '가쓰오브시계란말이', '스위트콘샐러드', '유채나물', '봄동겉절이'], ['콩나물김치국', '검정콩조림', '제육볶음', '미나리나물', '석박지'], ['새우살미역국', '쇠고기낙지야채볶음', '양배추쌈&양념장', '왕찐만두', '알타리김치']], [['알어묵국', '참조기구이', '명엽채볶음', '쌈배추나물', '깍두기'], ['누룽지', '두부조림', '표고버섯새우살볶음', '오이생채', '배추김치'], ['검정쌀밥', '사골곰탕', '병어무조림', '애호박새우살볶음', '돌김&양념장', '배추김치']], [['쇠고기무두부국', '가자미무조림', '부들어묵꽈리고추볶음', '도라지들깨볶음', '배추김치'], ['홍합탕', '해물완자전', '시금치나물', '낙지젓무침', '배추김치'], ['팽이버섯된장국', '돼지갈비단호박찜', '연두부(100g)&양념장', '무생채액젓무침', '배추김치']], [['두부청국장찌개', '생선까스&소스', '냉이된장무침', '감자채볶음', '배추김치'], ['바지락살미역국', '갈치카레구이', '검정콩조림', '가랏나물', '배추김치'], ['김가루주먹밥', '잔치국수', '단무지채쏭쏭무침', '바나나', '봄동겉절이']], [['육개장', '게맛살계란말이', '감자채볶음', '느타리버섯새우살볶음', '배추김치'], ['돈육김치찌개', '오징어야채볶음', '마늘쫑장아찌무침', '봄동나물무침', '갓김치'], ['동태알탕', '만두강정', '쑥갓두부무침', '숙주나물', '참치김치볶음']], [['물만두국', '참치야채볶음', '치킨까스&소스', '애호박새우살볶음', '배추김치'], ['야채죽', '미트볼조림', '콩나물무침', '깻잎지', '배추김치'], ['검정쌀밥', '쑥된장국', '갈치카레구이', '곤약메추리알장조림', '잔파김가루무침', '배추김치']]]"
4,"[[['쇠고기미역국', '어묵잡채볶음', '연근조림', '꼬시래기무침', '배추김치'], ['순두부맑은탕', '꽁치김치조림', '김자반볶음', '참나물무침', '배추김치'], ['보리쌀밥', '굴무두부국', '닭감자조림', '낙지젓무침', '양배추쌈&양념장', '알타리김치']], [['코다리두부국', '순대야채볶음', '쫄면야채무침', '메추리알새송이버섯조림', '배추김치'], ['누룽지', '해물완자전', '미역줄기볶음', '봄동겉절이', '파김치'], ['검정쌀밥', '돼지등뼈시래기탕', '생선까스&소스', '멸치아몬드조림', '시금치나물', '배추김치']], [['추어탕', '만두강정', '색색야채계란찜', '무나물', '배추김치'], ['참치김치찌개', '후랑크소세지야채볶음', '홍합살물파래전', '시금치나물', '깍두기'], ['콩나물국', '닭감자조림', '치즈떡어묵메추리알떡볶이', '봄동겉절이', '파김치']], [['얼갈이된장국', '제육볶음&상추쌈', '콩나물무침', '배추김치'], ['굴매생이떡국', '새송이버섯새우살볶음', '낙지젓무침', '쑥갓두부무침', '배추김치'], ['보리쌀밥', '꽃게탕', '두부전&양념장', '김자반볶음', '달래오이무침', '참치김치볶음']], [['홍합탕', '닭살코기야채깻잎볶음', '분홍소세지전', '애호박새우젓볶음', '배추김치'], ['물만두국', '감자엿조림', '연두부&양념장', '도라지오이초무침', '배추김치'], ['돼지등뼈시래기탕', '알어묵피망조림', '진미채볶음', '봄동나물무침', '깍두기']], [['쇠고기미역국', '오리훈제버섯볶음', '느타리버섯볶음', '무생채액젓무침', '배추김치'], ['쑥된장국', '오징어야채볶음', '두부전&양념장', '치커리사과무침', '배추김치'], ['콩나물김치국', '삼치카레구이', '콜슬로우샐러드', '시금치나물', '배추김치']], [['얼갈이된장국', '돼지갈비떡찜', '멸치아몬드조림', '김자반무침', '배추김치'], ['두부계란국', '가자미구이', '오징어젓무침', '봄동겉절이', '깍두기'], ['검정쌀밥', '쇠고기떡국', '치즈 인 치킨까스', '감자채볶음', '미역오이채초무침', '배추김치']]]"
5,"[[['동태탕', '분홍소세지전', '참치두부조림', '숙주나물', '배추김치'], ['어묵무쑥갓국', '참조기구이', '미역줄기볶음', '무생채액젓무침', '배추김치'], ['비빔밥', '팽이버섯된장국', '달래오이무침', '떠먹는요거트', '배추김치']], [['건새우미역국', '오징어무미나리초무침', '돈육김치볶음', '도라지나물', '깍두기'], ['누룽지', '연두부(100g)&양념장', '검정콩조림', '쌈배추겉절이', '파김치'], ['참치김치찌개', '고구마치즈돈까스&소스', '스파게티&소스', '시금치나물', '알타리김치']], [['쇠고기무국', '떡갈비조림', '스크램블에그', '달래부추무침', '배추김치'], ['얼갈이된장국', '캔꽁치무조림', '돈육계란장조림', '염장다시마&초고추장', '배추김치'], ['홍합탕', '어묵잡채볶음', '치커리사과무침', '돌김&양념장', '참치김치볶음']], [['건새우시금치된장국', '오리훈제버섯볶음', '어묵떡볶이', '꼬시래기무침', '깍두기'], ['물만두국', '참치두부조림', '진미채볶음', '미나리나물', '배추김치'], ['팥찰쌀밥', '북어채무두부국', '삼치카레구이', '김자반볶음', '오이생채', '배추김치']], [['추어탕', '메추리알새송이버섯조림', '연근조림', '참나물무침', '배추김치'], ['코다리두부국', '알어묵피망조림', '오징어야채볶음', '단무지채쏭쏭무침', '배추김치'], ['쑥된장국', '갈치카레구이', '떡갈비조림', '잔파김가루무침', '배추김치']], [['오징어무국', '탕수육칠리소스볶음', '감자채볶음', '쑥갓나물', '배추김치'], ['근대된장국', '쇠고기야채볶음', '멸치고추장무침', '돌나물무초무침', '배추김치'], ['건새우미역국', '제육볶음', '깻잎지', '숙주나물', '배추김치']], [['아욱된장국', '어묵잡채볶음', '곤약메추리알장조림', '새콤미나리무침', '배추김치'], ['건새우아욱된장국', '두부전&양념장', '미역줄기볶음', '세발나물', '배추김치'], ['검정쌀밥', '콩나물김치국', '갈치무조림', '진미채볶음', '홍합살물파래전', '알타리김치']]]"
6,"[[['얼갈이된장국', '가자미구이', '돌김&양념장', '유채나물', '배추김치'], ['누룽지', '오징어야채볶음', '연두부계란찜', '얼갈이나물', '깍두기'], ['카레라이스', '잔파계란국', '골뱅이오이초무침', '바나나', '배추김치']], [['돼지등뼈시래기탕', '고구마치즈돈까스&소스', '김자반무침', '깻잎지', '깍두기'], ['육개장', '해물완자전', '새송이버섯새우살볶음', '참나물무침', '배추김치'], ['보리쌀밥', '시래기된장국', '제육볶음&상추쌈', '숙주나물', '배추김치']], [['참치김치찌개', '돼지갈비떡찜', '숙주맛살무침', '봄동나물무침', '알타리김치'], ['코다리두부국', '해물완자전', '진미채볶음', '고사리들깨볶음', '배추김치'], ['쇠고기미역국', '갈치카레구이', '애호박전', '시금치나물', '배추김치']], [['오징어무국', '쇠고기낙지야채볶음', '사각어묵꽈리고추볶음', '애호박새우젓볶음', '배추김치'], ['유부팽이버섯된장국', '참조기구이', '두부전&양념장', '미나리나물', '배추김치'], ['쇠고기떡국', '동태포전', '돈육잡채볶음', '도라지들깨볶음', '배추김치']], [['동태탕', '해물파전', '검정콩조림', '오이생채', '배추김치'], ['순두부찌개', '감자채햄볶음', '꽁치김치조림', '얼갈이나물', '알타리김치'], ['감자수제비국', '오징어시금치초무침', '과일샐러드', '무나물', '배추김치']], [['꽃게탕', '멸치아몬드조림', '돌김&양념장', '콜슬로우샐러드', '배추김치'], ['쇠고기미역국', '감자엿조림', '해물완자전', '단무지채쏭쏭무침', '배추김치'], ['물만두국', '어묵떡볶이', '순대야채볶음', '참나물무침', '배추김치']], [['북어채무두부국', '미트볼칠리소스조림', '해물김치전', '돌나물무초무침', '깍두기'], ['두부청국장찌개', '병어무조림', '김자반볶음', '새송이버섯볶음', '배추김치'], ['톳밥', '돈육김치찌개', '치즈 인 치킨까스', '잔멸치메추리알장조림', '꼬시래기무침', '알타리김치']]]"
7,"[[['쑥된장국', '닭감자조림', '동그랑땡전', '무생채액젓무침', '배추김치'], ['누룽지', '꽁치무조림', '잔멸치고추장볶음', '숙주나물', '배추김치'], ['해물굴소스볶음밥', '얼갈이된장국', '도라지오이초무침', '천사채샐러드', '배추김치']], [['홍합탕', '갈비산적조림', '오징어젓무침', '솎음열무나물', '배추김치'], ['순두부찌개', '부들어묵꽈리고추볶음', '두부전&양념장', '도라지새우살볶음', '깍두기'], ['차조밥', '굴매생이떡국', '과일샐러드', '돼지갈비단호박찜', '시금치나물', '배추김치']], [['동태탕', '감자엿조림', '오징어야채볶음', '잔파김가루무침', '배추김치'], ['감자수제비국', '오징어도라지초무침', '치킨까스&소스', '꼬시래기무침', '배추김치'], ['두부호박청국장국', '어묵잡채볶음', '돈육메추리알장조림', '유채나물', '배추김치']], [['돈뼈감자탕', '청파래오징어까스&소스', '물파래무무침', '봄동겉절이', '파김치'], ['오징어무국', '계란장조림', '멸치아몬드조림', '느타리버섯볶음', '배추김치'], ['강황쌀밥', '얼갈이된장국', '갈치무조림', '다진새송이해물전', '달래부추무침', '배추김치']], [['추어탕', '등심돈까스&소스', '실곤약야채무침', '무나물', '배추김치'], ['참치김치찌개', '삼치카레구이', '돌김&양념장', '시금치나물', '알타리김치'], ['어묵무쑥갓국', '닭감자조림', '콩나물무침', '쌈배추나물', '깍두기']], [['북어채무두부국', '제육볶음', '미역줄기볶음', '참나물무침', '배추김치'], ['콩나물김치국', '생선까스&소스', '꼬시래기무침', '유채나물', '갓김치'], ['클로렐라쌀', '대구알탕', '참치야채볶음', '부들어묵꽈리고추볶음', '꼴두기젓무침', '배추김치']], [['돈육김치국', '고구마치즈돈까스&소스', '콩나물무침', '달래오이무침', '깍두기'], ['얼갈이된장국', '연두부&달래양념장', '진미채볶음', '마늘쫑장아찌무침', '배추김치'], ['보리쌀밥', '건새우미역국', '떡갈비새송이버섯조림', '해물파전', '잔파김가루무침', '배추김치']]]"
8,"[[['쇠고기팽이버섯국', '참조기구이', '스위트콘샐러드', '오징어시금치초무침', '배추김치'], ['쇠고기무두부국', '사각어묵고추장볶음', '마카로니샐러드', '단무지잔파쏭쏭무침', '배추김치'], ['북어채무두부국', '닭살코기야채깻잎볶음', '해물볶음우동', '새콤미나리무침', '배추김치']], [['콩나물매운국', '가자미무조림', '어묵떡볶이', '세발나물', '배추김치'], ['옥수수스프', '모닝빵&딸기쨈', '게맛살계란말이', '무생채액젓무침', '배추김치'], ['찰현미밥', '쑥된장국', '어묵잡채볶음', '돈육계란장조림', '숙주맛살무침', '알타리김치']], [['콩나물매운국', '삼치카레구이', '연두부&양념장', '미나리나물', '배추김치'], ['물만두국', '사각어묵고추장볶음', '미역초무침', '유채나물', '배추김치'], ['검정쌀밥', '근대된장국', '계란장조림', '참치야채볶음', '숙주나물', '파김치']], [['추어탕', '만두강정', '느타리버섯새우살볶음', '마늘쫑장아찌무침', '배추김치'], ['오징어무국', '스크램블에그', '멸치아몬드조림', '깻잎지', '배추김치'], ['팥찰쌀밥', '쇠고기무두부국', '어묵잡채볶음', '냉이된장무침', '돌김&양념장', '배추김치']], [['코다리두부국', '게맛살계란말이', '김자반무침', '오이지양념무침', '배추김치'], ['감자수제비국', '참치두부조림', '상추겉절이', '고사리들깨볶음', '배추김치'], ['팽이버섯된장국', '가자미구이', '가지볶음', '참나물무침', '배추김치']], [['돈뼈감자탕', '분홍소세지계란전', '염장다시마채무침', '무새우살나물', '배추김치'], ['건새우아욱된장국', '닭살코기굴소스볶음', '연근조림', '솎음열무나물', '배추김치'], ['돈육김치찌개', '생선까스&소스', '명엽채볶음', '얼갈이나물', '갓김치']], [['쑥된장국', '오리훈제버섯볶음', '애호박새우살볶음', '오리훈제버섯볶음', '배추김치'], ['육개장', '계란후라이', '미역줄기볶음', '세발나물', '배추김치'], ['검정쌀밥', '쇠고기미역국', '돈육메추리알장조림', '멸치아몬드조림', '오징어브로컬리냉채&초고추장', '알타리김치']]]"
9,"[[['북어채계란국', '오징어브로컬리냉채&초고추장', '감자채볶음', '가지볶음', '배추김치'], ['팽이버섯된장국', '캔고등어김치조림', '부추생채', '숙주나물', '깍두기'], ['팥칼국수', '고구마&단호박 튀김', '숙주나물', '봄동겉절이']], [['근대된장국', '가자미구이', '잔파김가루무침', '고사리들깨볶음', '배추김치'], ['건새우미역국', '어묵고추장볶음', '도라지오이초무침', '미나리나물', '백김치'], ['차조밥', '추어탕', '해물김치전', '진미채볶음', '냉이된장무침', '알타리김치']], [['두부새우젓계란탕', '고구마치즈돈까스&소스', '김자반무침', '머위순나물무침', '배추김치'], ['누룽지', '감자엿조림', '연두부&양념장', '시금치나물', '배추김치'], ['오징어무국', '어묵잡채볶음', '느타리버섯새우살볶음', '유채겉절이', '배추김치']], [['콩나물맑은국', '캔고등어무조림', '꼴두기젓무침', '쑥갓두부무침', '배추김치'], ['쇠고기떡국', '느타리버섯새우살볶음', '새콤무생채', '깻잎순볶음', '배추김치'], ['보리쌀밥', '꽃게탕', '닭감자조림', '염장다시마&초고추장', '숙주나물', '배추김치']], [['잔파계란국', '삼치카레구이', '돌김&양념장', '비름나물', '배추김치'], ['종합어묵쑥갓국', '두부전&양념장', '팽이버섯볶음', '오이생채', '배추김치'], ['얼갈이된장국', '제육볶음&상추쌈', '요구르트', '배추김치']], [['두부호박청국장국', '꽁치무조림', '명엽채볶음', '돌나물무초무침', '배추김치'], ['돈육김치찌개', '계란장조림', '콩나물무침', '봄동겉절이', '깍두기'], ['돈뼈감자탕', '생선까스&소스', '새송이버섯새우살볶음', '치커리생채', '배추김치']], [['콩나물김치국', '삼치카레구이', '오이지양념무침', '세발나물', '배추김치'], ['물만두국', '감자채볶음', '마늘쫑장아찌무침', '얼갈이나물', '갓김치'], ['검정쌀밥', '쇠고기무두부국', '오징어야채볶음', '멸치꽈리고추조림', '김자반무침', '알타리김치']]]"
10,"[[['동태탕', '비엔나소세지야채볶음', '검정콩조림', '봄동겉절이', '깍두기'], ['오징어무국', '참치두부조림', '가지무침', '미나리나물', '배추김치'], ['비빔밥', '얼갈이된장국', '오이양파무침', '요구르트', '배추김치']], [['육개장', '분홍소세지계란전', '꼴두기젓무침', '유채나물', '파김치'], ['쇠고기미역국', '사각어묵꽈리고추볶음', '돌김&양념장', '참나물무침', '배추김치'], ['보리쌀밥', '콩나물김치국', '돼지갈비떡찜', '미역줄기볶음', '깻잎지', '알타리김치']], [['돈뼈감자탕', '잔멸치메추리알장조림', '무생채', '시금치나물', '배추김치'], ['누룽지', '고등어무조림', '오이생채', '고사리들깨볶음', '배추김치'], ['쑥된장국', '오징어무미나리초무침', '온두부&양념장', '숙주나물', '참치김치볶음']], [['종합어묵쑥갓국', '감자엿조림', '쫄단무지무침', '머위순나물무침', '배추김치'], ['두부호박청국장국', '가자미구이', '콩나물무침', '깻잎순볶음', '배추김치'], ['검정콩밥', '쇠고기미역국', '탕수육&소스', '느타리버섯새우살볶음', '잔파김가루무침', '배추김치']], [['건새우아욱된장국', '생선까스&소스', '미역초무침', '얼갈이나물', '배추김치'], ['참치김치찌개', '동그랑땡전', '도라지들깨볶음', '치커리생채', '깍두기'], ['코다리두부국', '감자채볶음', '염장다시마&초고추장', '애호박새우젓볶음', '배추김치']], [['오징어무국', '돈육잡채볶음', '김자반무침', '미나리나물', '배추김치'], ['북어채계란국', '꽁치무조림', '진미채볶음', '솎음열무나물', '배추김치'], ['콩나물매운국', '탕수육칠리소스볶음', '표고버섯새우살볶음', '무생채', '배추김치']], [['쇠고기무두부국', '쫄면야채무침', '돌김&양념장', '해물완자전', '배추김치'], ['쑥된장국', '비엔나소세지야채볶음', '오이지양념무침', '부추생채', '배추김치'], ['검정쌀밥', '동태탕', '으깬감자샐러드', '오리정육야채볶음', '시금치나물', '배추김치']]]"
11,"[[['기장밥', '두부호박청국장국', '청파래오징어까스&케찹', '치커리생채', '콩나물무침', '배추김치'], ['팽이버섯된장국', '돈육계란장조림', '미역줄기볶음', '참나물무침', '배추김치'], ['하이라이스', '잔파계란국', '어묵고추장볶음', '바나나', '깍두기']], [['차조밥', '돈육김치찌개', '감자채햄볶음', '진미채볶음', '세발나물', '배추김치'], ['시래기된장국', '쇠고기야채볶음', '검정콩조림', '무생채액젓무침', '배추김치'], ['보리쌀밥', '얼갈이된장국', '제육볶음&상추쌈', '참나물겉절이', '배추김치']], [['보리쌀밥', '콩나물김치국', '어묵떡볶이', '가지무침', '얼갈이나물', '갓김치'], ['근대된장국', '캔고등어김치조림', '시금치나물', '염장다시마&초고추장', '깍두기'], ['곤드레나물밥&양념장', '북어채무두부국', '고구마치즈돈까스&소스', '실곤약야채무침', '솎음열무나물', '배추김치']], [['돈뼈감자탕', '어묵잡채볶음', '도라지오이초무침', '쑥갓두부무침', '배추김치'], ['오징어무국', '감자채볶음', '콩나물무침', '머위순나물무침', '배추김치'], ['차조밥', '쇠고기미역국', '두부전&양념장', '깻잎지', '숙주나물', '참치김치볶음']], [['얼갈이된장국', '오징어브로컬리냉채&초고추장', '오이지양념무침', '멸치호두볶음', '배추김치'], ['코다리두부국', '미트볼칠리소스조림', '미역초무침', '잔파김가루무침', '배추김치'], ['육개장', '순대야채볶음', '김자반볶음', '돌나물무초무침', '배추김치']], [['건새우아욱된장국', '삼치카레구이', '콩나물무침', '유채나물', '배추김치'], ['돈육김치찌개', '스크램블에그', '오이생채', '오징어젓무침', '깍두기'], ['종합어묵쑥갓국', '닭감자조림', '돌김&양념장', '치커리생채', '배추김치']], [['검정쌀밥', '육개장', '참치두부조림', '멸치꽈리고추조림', '마늘쫑장아찌무침', '배추김치'], ['동태탕', '어묵고추장볶음', '연근조림', '김자반무침', '배추김치'], ['보리쌀밥', '근대된장국', '돼지갈비떡찜', '꼬시래기무침', '숙주미나리나물', '배추김치']]]"
12,"[[['팽이버섯된장국', '제육볶음&상추쌈', '요구르트', '배추김치'], ['오징어무국', '돈육메추리알장조림', '애호박새우젓볶음', '김자반무침', '알타리김치'], ['콩나물김치국', '쇠고기낙지야채볶음', '무생채액젓무침', '순대야채볶음', '배추김치']], [['물만두국', '오징어무미나리초무침', '김자반볶음', '숙주나물', '배추김치'], ['쇠고기미역국', '코다리콩나물찜', '연두부&양념장', '솎음열무나물', '배추김치'], ['차조밥', '돈육김치찌개', '갈치카레구이', '곤약메추리알장조림', '머위순나물무침', '갓김치']], [['기장밥', '육개장', '두부전&양념장', '느타리버섯새우살볶음', '깻잎지', '배추김치'], ['쑥된장국', '삼치카레구이', '꼴두기젓무침', '봄동나물무침', '배추김치'], ['보리쌀밥', '종합어묵쑥갓국', '닭감자조림', '검정콩조림', '세발나물', '배추김치']], [['보리쌀밥', '쇠고기미역국', '어묵잡채볶음', '도라지나물', '참나물겉절이', '배추김치'], ['북어채콩나물국', '미트볼칠리소스조림', '가지무침', '단무지채쏭쏭무침', '배추김치'], ['검정쌀밥', '참치김치찌개', '고등어무조림', '어묵고추장볶음', '미나리나물', '깍두기']], [['동태탕', '감자채볶음', '진미채볶음', '오이생채', '배추김치'], ['누룽지', '가자미순살무조림', '치커리생채', '콩나물무침', '배추김치'], ['쇠고기떡국', '떡갈비새송이버섯조림', '무생채액젓무침', '시금치나물', '배추김치']], [['돈뼈감자탕', '탕수육&소스', '치커리사과무침', '미역줄기볶음', '배추김치'], ['얼갈이된장국', '고등어카레구이', '콩나물무침', '취나물무침', '배추김치'], ['쇠고기무국', '닭감자조림', '참나물무침', '느타리버섯새우살볶음', '배추김치']], [['동태알탕', '미트볼조림', '쑥갓나물', '치커리사과무침', '배추김치'], ['종합어묵쑥갓국', '비엔나소세지야채볶음', '꼬시래기무침', '가지무침', '배추김치'], ['왕만두국', '두부조림', '조미김', '취나물무침', '알타리김치']]]"
13,"[[['콩나물김치국', '삼치무조림', '시금치나물', '오이생채', '배추김치'], ['쇠고기미역국', '계란야채말이', '미나리나물', '도라지나물', '배추김치'], ['카레라이스', '팽이버섯된장국', '오이양파무침', '배추김치', '과일음료']], [['오징어무국', '가자미구이', '검정콩조림', '세발나물', '배추김치'], ['삼색수제비국', '동그랑땡전', '새송이버섯볶음', '마늘쫑장아찌무침', '배추김치'], ['찰현미밥', '순두부찌개', '청파래오징어까스&소스', '무생채액젓무침', '과일샐러드', '배추김치']], [['검정쌀밥', '감자호박고추장국', '만두강정', '어묵치즈라볶이', '참나물무침', '배추김치'], ['북어채무두부국', '돈육메추리알장조림', '감자채햄볶음', '얼갈이나물', '배추김치'], ['건새우미역국', '돼지갈비단호박찜', '봄동겉절이', '숙주맛살무침', '배추김치']], [['육개장', '순대야채볶음', '마카로니샐러드', '애호박볶음', '석박지'], ['코다리두부국', '사각어묵꽈리고추볶음', '쫄단무지무침', '숙주나물', '배추김치'], ['차조밥', '쑥된장국', '고등어카레구이', '양배추쌈&양념장', '새콤미나리무침', '배추김치']], [['쇠고기무국', '참조기구이', '진미채볶음', '취나물무침', '배추김치'], ['물만두국', '해물완자전', '부추나물', '깻잎지', '배추김치'], ['콩나물국', '돈육불고기', '상추겉절이', '요구르트', '배추김치']], [['꽃게된장국', '계란야채말이', '염장다시마&초고추장', '시금치나물', '배추김치'], ['누룽지', '가자미구이', '김자반무침', '오이양파무침', '배추김치'], ['건새우미역국', '닭감자조림', '양배추&무 피클', '세발나물', '배추김치']], [['어묵무쑥갓국', '오징어무미나리초무침', '느타리버섯새우살볶음', '연두부&양념장', '배추김치'], ['돈육김치찌개', '삼치무조림', '콩나물무침', '참나물무침', '깍두기'], ['보리쌀밥', '우렁살된장찌개', '어묵잡채볶음', '연근조림', '가지무침', '배추김치']]]"
14,"[[['삼색수제비국', '해물파전', '꼬시래기무침', '치커리사과무침', '배추김치'], ['북어채무두부국', '계란장조림', '감자채햄볶음', '고추지무침', '배추김치'], ['게살유부초밥', '잔치국수', '단무지잔파쏭쏭무침', '배추김치', '요구르트']], [['얼갈이된장국', '쫄면야채무침', '잡채군만두&양념장', '취나물무침', '배추김치'], ['오징어무국', '사각어묵고추장볶음', '깻잎지', '숙주나물', '배추김치'], ['강황쌀밥', '육개장', '게맛살계란말이', '알감자엿조림', '실곤약야채무침', '배추김치']], [['감자호박고추장국', '떡갈비새송이버섯조림', '진미채볶음', '얼갈이나물', '배추김치'], ['물만두국', '꽁치무조림', '미역줄기볶음', '세발나물', '배추김치'], ['보리쌀밥', '팽이버섯된장국', '제육볶음&상추쌈', '콩나물무침', '배추김치']], [['닭곰탕', '두부조림', '오이양파무침', '미나리나물', '배추김치'], ['누룽지', '해물완자전', '도라지들깨볶음', '시금치나물', '배추김치'], ['돈뼈감자탕', '삼치카레구이', '김자반볶음', '무생채액젓무침', '배추김치']], [['계란미역국', '고등어무조림', '깻잎순볶음', '숙주나물', '배추김치'], ['쇠고기무두부국', '가자미구이', '명엽채볶음', '비름나물', '깍두기'], ['검정쌀밥', '순두부찌개', '미니돈까스&소스', '콜슬로우샐러드', '도라지오이초무침', '배추김치']], [['육개장', '생선까스&소스', '가지무침', '오징어젓무침', '배추김치'], ['참치김치찌개', '동그랑땡전', '연근조림', '깍두기', '상추겉절이'], ['시래기된장국', '닭감자조림', '잔멸치고추장볶음', '솎음열무나물', '배추김치']], [['쇠고기무국', '쫄면야채무침', '조미김', '새송이버섯볶음', '배추김치'], ['북어채무두부국', '오색산적전', '숙주나물', '부추생채', '배추김치'], ['해물굴소스볶음밥', '유부두부장국', '새콤미나리무침', '배추김치', '유기농쌀식혜']]]"
15,"[[['왕만두국', '갈치카레구이', '진미채볶음', '쌈배추나물', '배추김치'], ['건새우미역국', '분홍소세지계란전', '도라지나물', '솎음열무나물', '배추김치'], ['찰현미밥', '아욱된장국', '등심돈까스&소스', '과일샐러드', '참나물겉절이', '배추김치']], [['추어탕', '단호박고구마샐러드', '미트볼조림', '시금치나물', '배추김치'], ['코다리두부국', '가자미구이', '느타리버섯볶음', '부추나물', '배추김치'], ['검정쌀밥', '동태알탕', '해물김치전', '색색야채계란찜', '돌나물무초무침', '석박지']], [['기장밥', '부대찌개', '색동우엉잡채볶음', '쑥갓나물', '깻잎장아찌무침', '배추김치'], ['누룽지', '해물완자전', '오이생채', '도라지들깨볶음', '배추김치'], ['짜장라이스', '잔파계란국', '단무지채쏭쏭무침', '배추김치', '찰토마토']], [['육개장', '온두부&양념장', '사각어묵고추장볶음', '숙주나물', '참치김치볶음'], ['물만두국', '곤약메추리알장조림', '마늘쫑장아찌무침', '멸치아몬드조림', '배추김치'], ['검정쌀밥', '쇠고기미역국', '안동찜닭', '새콤무생채', '미나리나물', '배추김치']], [['팽이버섯된장국', '오삼불고기', '상추겉절이', '요구르트', '배추김치'], ['콩나물국', '코다리땅콩엿조림', '새콤미나리무침', '시금치나물', '배추김치'], ['돈육김치찌개', '참조기구이', '미역줄기볶음', '도라지들깨볶음', '깍두기']], [['돈뼈감자탕', '계란야채말이', '오이생채', '쌈배추나물', '배추김치'], ['삼색수제비국', '비엔나소세지야채볶음', '감자채볶음', '무장아찌무침', '배추김치'], ['오징어무국', '순대야채볶음', '메밀묵김가루무침', '솎음열무나물', '배추김치']], [['검정콩밥', '닭개장', '탕수육&소스', '실곤약야채무침', '시금치나물', '배추김치'], ['어묵무쑥갓국', '삼치카레구이', '멸치고추장무침', '느타리버섯볶음', '배추김치'], ['콩나물밥&부추양념장', '건새우아욱된장국', '오리정육야채볶음', '골뱅이오이초무침', '배추김치']]]"
16,"[[['두부호박청국장국', '청파래오징어까스&소스', '스위트콘샐러드', '오이양파무침', '배추김치'], ['시래기된장국', '게맛살계란말이', '명엽채볶음', '취나물무침', '배추김치'], ['물만두국', '고등어무조림', '냉동새우튀김&케찹', '참나물겉절이', '배추김치']], [['육개장', '분홍소세지전', '솎음열무나물', '미역줄기볶음', '배추김치'], ['동태알탕', '연두부&양념장', '검정콩조림', '미나리나물', '배추김치'], ['검정쌀밥', '돈뼈감자탕', '계란장조림', '오징어시금치초무침', '느타리버섯새우살볶음', '배추김치']], [['하이라이스', '잔파계란국', '가지무침', '배추김치', '요구르트'], ['북어채계란국', '미트볼조림', '도시락김', '오이생채', '배추김치'], ['보리쌀밥', '유부팽이버섯된장국', '돈육불고기', '양배추쌈&양념장', '숙주나물', '배추김치']], [['돈육김치국', '어묵잡채볶음', '조미김', '유채나물', '석박지'], ['누룽지', '해물완자전', '새송이버섯볶음', '얼갈이나물', '배추김치'], ['찰현미밥', '건새우미역국', '닭감자조림', '쑥갓나물', '샐러드&키위드레싱', '배추김치']], [['종합어묵쑥갓국', '참조기구이', '애호박볶음', '콩나물무침', '배추김치'], ['근대된장국', '가자미구이', '돈육메추리알장조림', '무말랭이장아찌무침', '배추김치'], ['유부우동', '오징어링튀김', '도라지오이초무침', '배추김치', '요구르트']], [['콩나물김치국', '가자미구이', '김자반볶음', '무생채액젓무침', '배추김치'], ['코다리두부국', '사각어묵고추장볶음', '숙주부추나물', '감자엿조림', '배추김치'], ['꽃게탕', '쇠고기야채볶음', '쌈무&오이스틱', '콩나물매운무침', '배추김치']], [['물만두국', '해물완자전', '멸치꽈리고추조림', '상추겉절이', '배추김치'], ['누룽지', '돈육메추리알장조림', '진미채볶음', '오이생채', '배추김치'], ['순두부찌개', '생선까스&소스', '샐러드&키위드레싱', '시금치나물', '배추김치']]]"
17,"[[['돈뼈감자탕', '순대야채볶음', '애호박볶음', '김자반볶음', '배추김치'], ['누룽지', '미트볼조림', '도토리묵&양념장', '유채나물', '배추김치'], ['짜장라이스', '잔파계란국', '단무지채쏭쏭무침', '딸기', '배추김치']], [['육개장', '탕수육&소스', '가지볶음', '진미채볶음', '배추김치'], ['북어채계란국', '가자미구이', '감자채볶음', '오이생채', '배추김치'], ['보리쌀밥', '참치김치찌개', '어묵잡채볶음', '마늘쫑건새우엿조림', '새콤무생채', '알타리김치']], [['기장밥', '유부팽이버섯된장국', '계란야채말이', '미나리나물', '오이소박이', '갓김치'], ['건새우미역국', '알어묵피망조림', '온두부&양념장', '얼갈이나물', '배추김치'], ['영양닭죽', '오징어무미나리초무침', '냉동새우튀김&케찹', '매실냉차', '배추김치']], [['장어탕', '분홍소세지전', '어묵떡볶이', '시금치나물', '배추김치'], ['감자수제비국', '참조기구이', '꼬시래기무침', '솎음열무나물', '배추김치'], ['보리쌀밥', '육개장', '캔꽁치김치조림', '김자반무침', '가쓰오브시계란말이', '알타리김치']], [['쇠고기미역국', '새우젓계란찜', '멸치꽈리고추조림', '명엽채볶음', '배추김치'], ['종합어묵쑥갓국', '두부조림', '가지무침', '느타리버섯새우살볶음', '배추김치'], ['시래기된장국', '오삼불고기', '쌈무&오이스틱', '콩나물무침', '배추김치']], [['꽃게탕', '돈육계란장조림', '진미채볶음', '메밀잎나물', '깍두기'], ['물만두국', '동그랑땡전', '도라지나물', '실곤약야채무침', '배추김치'], ['돈뼈감자탕', '고등어무조림', '솎음열무나물', '숙주나물', '배추김치']], [['오리탕', '어묵잡채볶음', '오이생채', '돌나물무초무침', '배추김치'], ['북어채콩나물국', '삼치카레구이', '염장다시마&초고추장', '검정콩조림', '배추김치'], ['동태탕', '닭살코기야채깻잎볶음', '오징어브로컬리냉채&초고추장', '가지볶음', '배추김치']]]"
18,"[[['얼갈이된장국', '계란야채말이', '느타리버섯볶음', '꽁치김치조림', '깍두기'], ['건새우미역국', '해물완자전', '명엽채볶음', '고구마순나물', '배추김치'], ['하이라이스', '유부두부장국', '솎음열무초고추장무침', '쫄단무지무침', '배추김치']], [['육개장', '고등어카레구이', '양배추쌈&양념장', '무생채액젓무침', '배추김치'], ['코다리두부국', '미트볼조림', '도라지나물', '쑥갓나물', '배추김치'], ['찰현미밥', '장어탕', '돈육계란장조림', '해물볶음우동', '애호박새우살볶음', '배추김치']], [['순두부찌개', '가자미구이', '숙주부추나물', '치커리사과무침', '갓김치'], ['누룽지', '감자엿조림', '알어묵피망조림', '미역초무침', '배추김치'], ['검정쌀밥', '꽃게탕', '떡갈비새송이버섯조림', '곤약메추리알장조림', '꼬시래기무침', '배추김치']], [['김치참치주먹밥', '잔치국수', '단무지잔파쏭쏭무침', '쥬시쿨', '알타리김치'], ['물만두국', '비엔나소세지감자조림', '가지무침', '애호박볶음', '배추김치'], ['건새우아욱된장국', '제육볶음&상추쌈', '콩나물매운무침', '오렌지', '배추김치']], [['콩나물매운국', '소고기불고기', '쑥갓나물', '고추지무침', '배추김치'], ['삼색수제비국', '계란야채말이', '스위트콘샐러드', '도라지오이초무침', '배추김치'], ['두부호박청국장국', '닭감자조림', '마늘쫑건새우엿조림', '유채나물', '배추김치']], [['돈뼈감자탕', '마카로니샐러드', '청파래오징어까스&소스', '참나물겉절이', '배추김치'], ['종합어묵쑥갓국', '두부전&양념장', '멸치아몬드조림', '시금치나물', '배추김치'], ['건새우미역국', '알어묵고추장조림', '메추리알새송이버섯조림', '솎음열무나물', '배추김치']], [['꽃게탕', '미니돈까스&소스', '치커리사과무침', '표고버섯새우살볶음', '배추김치'], ['누룽지', '꽁치무조림', '세발나물', '도라지오이초무침', '배추김치'], ['검정쌀밥', '닭개장', '고등어순살김치조림', '치즈떡어묵메추리알떡볶이', '부추오이무침', '열무김치']]]"
19,"[[['감자호박고추장국', '안동찜닭', '참나물겉절이', '양배추&무 피클', '배추김치'], ['오징어무국', '계란야채말이', '알어묵피망조림', '시금치나물', '배추김치'], ['시래기된장국', '돈수육&새우젓무침', '깻잎장아찌무침', '바나나', '배추김치']], [['검정쌀밥', '돈육김치찌개', '삼치카레구이', '취나물무침', '연근조림', '알타리김치'], ['코다리두부국', '잔멸치메추리알장조림', '미역줄기볶음', '솎음열무나물', '배추김치'], ['찰현미밥', '콩나물매운국', '치즈 인 치킨까스', '부추오이무침', '참치야채볶음', '배추김치']], [['북어채무두부국', '순대야채볶음', '더덕장아찌무침', '냉동새우튀김&케찹', '배추김치'], ['두부청국장찌개', '동그랑땡전', '느타리버섯새우살볶음', '오징어젓무침', '배추김치'], ['완두콩밥', '쇠고기미역국', '오징어야채볶음', '애호박새우젓볶음', '세발나물', '배추김치']], [['장어탕', '두부조림', '쑥갓나물', '새송이버섯새우살볶음', '석박지'], ['콩나물국', '고등어카레구이', '부들어묵꽈리고추볶음', '숙주나물', '배추김치'], ['유부꽃어묵우동', '과일샐러드', '단무지채쏭쏭무침', '식빵튀김', '배추김치']], [['건새우미역국', '해물완자전', '솎음열무나물', '참치김치볶음', '석박지'], ['꽃게된장국', '알어묵피망조림', '색색야채계란찜', '오이상추무침', '배추김치'], ['검정쌀밥', '아욱된장국', '돈육잡채볶음', '콩나물매운무침', '오징어링튀김', '배추김치']], [['두부호박청국장국', '제육볶음&상추쌈', '무생채액젓무침', '요구르트', '배추김치'], ['물만두국', '삼치카레구이', '연근조림', '가지무침', '배추김치'], ['삼색수제비국', '계란장조림', '느타리버섯볶음', '오이지양념무침', '배추김치']], [['돈뼈감자탕', '연두부계란찜', '진미채볶음', '시금치나물', '배추김치'], ['콩나물김치국', '게맛살계란말이', '감자엿조림', '비름나물', '깍두기'], ['해물굴소스볶음밥', '팽이버섯된장국', '도라지오이초무침', '미나리나물', '오렌지', '배추김치']]]"
20,"[[['두부호박청국장국', '고등어무조림', '오이지양념무침', '김자반볶음', '배추김치'], ['크림스프', '모닝빵&딸기쨈', '스크램블에그', '애호박새우살볶음', '배추김치'], ['검정쌀밥', '콩나물국', '닭감자조림', '새송이버섯새우살볶음', '꼬시래기무침', '배추김치']], [['육개장', '순대야채볶음', '애호박새우살볶음', '다진새송이해물전', '배추김치'], ['북어채무두부국', '동그랑땡전', '메밀묵김가루무침', '깻잎지', '배추김치'], ['찰현미밥', '건새우미역국', '쇠고기낙지야채볶음', '실곤약야채무침', '콩나물매운무침', '배추김치']], [['돈육김치찌개', '생선까스&소스', '깻잎순볶음', '마카로니샐러드', '갓김치'], ['호박두부된장국', '가자미구이', '표고버섯새우살볶음', '부들어묵꽈리고추볶음', '배추김치'], ['카레라이스', '얼갈이된장국', '무생채액젓무침', '방울토마토', '배추김치']], [['찰현미밥', '꽃게된장국', '게맛살계란말이', '검정콩조림', '미역줄기볶음', '배추김치'], ['오징어무국', '미트볼조림', '머위대들깨나물', '부추오이무침', '배추김치'], ['톳밥', '동태탕', '탕수육칠리소스볶음', '골뱅이오이초무침', '과일샐러드', '배추김치']], [['쇠고기무국', '해물김치전', '참치야채볶음', '솎음열무나물', '석박지'], ['종합어묵쑥갓국', '쇠고기메추리알장조림', '조미김', '가지무침', '배추김치'], ['근대된장국', '고등어카레구이', '숙주나물', '오이생채', '배추김치&찐감자']], [['코다리두부국', '계란장조림', '도라지나물', '김자반무침', '배추김치'], ['누룽지', '삼치카레구이', '참나물겉절이', '진미채볶음', '배추김치'], ['건새우미역국', '오리정육야채볶음', '치커리사과무침', '요구르트', '배추김치']], [['감자호박고추장국', '떡갈비새송이버섯조림', '얼갈이나물', '멸치호두볶음', '배추김치'], ['물만두국', '참치계란야채전', '쫄단무지무침', '부추오이무침', '배추김치'], ['찰현미밥', '참치김치찌개', '돼지갈비단호박찜', '오징어무미나리초무침', '오이소박이', '열무김치']]]"
21,"[[['장어탕', '돈육잡채볶음', '느타리버섯새우살볶음', '부추적채겉절이', '참치김치볶음'], ['코다리두부국', '감자엿조림', '게맛살계란말이', '비름나물', '배추김치'], ['비빔밥', '두부된장국', '배추김치', '고구마&단호박 튀김', '요구르트']], [['두부호박청국장국', '캔꽁치김치조림', '연근조림', '가지무침', '알타리김치'], ['새우살미역국', '두부조림', '마늘쫑건새우엿조림', '느타리버섯새우살볶음', '배추김치'], ['차조밥', '쇠고기떡국', '잔멸치메추리알장조림', '오이양파무침', '천사채샐러드', '배추김치']], [['근대된장국', '닭감자조림', '새송이버섯볶음', '찰토마토', '배추김치'], ['코다리두부국', '돈육계란장조림', '무생채액젓무침', '메밀잎나물', '배추김치'], ['보리쌀밥', '쇠고기미역국', '삼치카레구이', '떡갈비조림', '참나물겉절이', '배추김치']], [['유부팽이버섯된장국', '새우부추만두', '연근조림', '쫄면야채무침', '배추김치'], ['콩나물매운국', '미트볼조림', '검정콩조림', '취나물무침', '배추김치'], ['찰현미밥', '쇠고기미역국', '계란야채말이', '두부조림', '꼬시래기무침', '배추김치']], [['돈육김치찌개', '해물완자전', '새송이버섯새우살볶음', '숙주미나리나물', '석박지'], ['알어묵국', '비엔나소세지야채볶음', '김자반볶음', '무생채액젓무침', '배추김치'], ['물만두국', '오징어야채볶음', '도토리묵치커리무침', '단무지채쏭쏭무침', '배추김치']], [['건새우미역국', '닭살코기야채깻잎볶음', '고구마줄기볶음', '더덕장아찌무침', '배추김치'], ['아욱된장국', '참조기구이', '도라지들깨볶음', '깻잎지', '배추김치'], ['김치참치주먹밥', '잔치국수', '오징어링튀김', '쥬시쿨', '배추김치']], [['순두부찌개', '동그랑땡전', '캔고등어김치조림', '부추오이무침', '열무김치'], ['북어채계란국', '비엔나소세지야채볶음', '김자반무침', '새콤무생채', '갓김치'], ['차조밥', '팽이버섯된장국', '오리정육야채볶음', '골뱅이오이초무침', '콩나물무침', '배추김치']]]"
22,"[[['감자수제비국', '순대야채볶음', '쑥갓두부무침', '마늘쫑건새우엿조림', '배추김치'], ['코다리두부국', '분홍소세지계란전', '숙주맛살무침', '애호박새우젓볶음', '배추김치'], ['짜장라이스', '잔파계란국', '단무지채쏭쏭무침', '배추김치', '요구르트', '냉동새우튀김&케찹']], [['건새우미역국', '생선까스&소스', '마카로니샐러드', '숙주맛살무침', '배추김치'], ['아욱된장국', '모닝빵&딸기쨈', '스위트콘샐러드', '떠먹는요거트', '배추김치'], ['돈뼈감자탕', '오징어야채볶음', '도라지오이초무침', '잔멸치메추리알장조림', '배추김치']], [['검정쌀밥', '참치김치찌개', '계란야채말이', '미역맛살무침', '검정콩조림', '알타리김치'], ['삼색수제비국', '미트볼조림', '시금치나물', '잔멸치고추장볶음', '배추김치'], ['종합어묵쑥갓국', '떡갈비새송이버섯조림', '오징어무미나리초무침', '과일샐러드', '배추김치']], [['꽃게탕', '미트볼칠리소스조림', '해물파전', '치커리생채', '배추김치'], ['알어묵국', '가자미무조림', '새송이버섯새우살볶음', '무말랭이장아찌무침', '배추김치'], ['감자호박된장국', '돼지갈비조랭이떡찜', '해물볶음우동', '오이양파무침', '배추김치']], [['두부청국장찌개', '어묵떡볶이', '새우젓계란찜', '미역초무침', '배추김치'], ['누룽지', '연두부&양념장', '멸치아몬드조림', '콩나물매운무침', '배추김치'], ['찰현미밥', '쇠고기미역국', '삼치카레구이', '가지무침', '참나물무침', '배추김치']], [['물만두국', '닭감자조림', '미역줄기볶음', '쑥갓나물', '배추김치'], ['콩나물매운국', '가자미구이', '머위대들깨나물', '마늘쫑건새우엿조림', '배추김치'], ['오징어무국', '치킨까스&소스', '실곤약야채무침', '애호박새우젓볶음', '배추김치']], [['북어채계란국', '돈육불고기', '풋고추쌈장무침', '김자반볶음', '알타리김치'], ['유부두부장국', '오리훈제버섯볶음', '진미채볶음', '오이지양념무침', '배추김치'], ['보리쌀밥', '육개장', '어묵잡채볶음', '오징어브로컬리냉채&초고추장', '새송이버섯새우살볶음', '열무김치']]]"
23,"[[['아욱된장국', '분홍소세지전', '고구마줄기볶음', '숙주나물', '배추김치'], ['누룽지', '삼치카레구이', '염장다시마&초고추장', '상추겉절이', '배추김치'], ['차조밥', '쇠고기미역국', '참치두부조림', '게맛살계란말이', '얼갈이나물', '알타리김치']], [['돼지등뼈시래기탕', '메추리알새송이버섯조림', '깻잎장아찌무침', '조미김', '배추김치'], ['쇠고기야채죽', '시래기된장국', '연근조림', '감자채볶음', '배추김치'], ['닭개장', '고등어카레구이', '솎음열무초고추장무침', '염장다시마&초고추장', '배추김치']], [['오리탕', '탕수만두&소스', '얼갈이나물', '단무지잔파쏭쏭무침', '열무김치'], ['쇠고기무두부국', '미트볼조림', '느타리버섯새우살볶음', '오이양파무침', '배추김치'], ['해물굴소스볶음밥', '시래기된장국', '숙주미나리나물', '실곤약야채무침', '매실냉차', '배추김치']], [['육개장', '청파래오징어까스&소스', '스위트콘샐러드', '시금치나물', '배추김치'], ['북어채무두부국', '캔꽁치무조림', '죽순나물', '미역줄기볶음', '배추김치'], ['톳밥', '미역오이냉국', '닭감자조림', '고구마줄기볶음', '콩나물무침', '배추김치']], [['얼갈이된장국', '오징어야채볶음', '가지볶음', '양배추&무 피클', '배추김치'], ['쇠고기떡국', '두부조림', '참나물무침', '마늘쫑건새우엿조림', '배추김치'], ['보리쌀밥', '돈육김치찌개', '게맛살계란말이', '김자반무침', '솎음열무나물', '깍두기']], [['건새우미역국', '떡갈비새송이버섯조림', '깻잎장아찌무침', '애호박새우살볶음', '배추김치'], ['두부계란국', '삼치카레구이', '상추겉절이', '오이지양념무침', '배추김치'], ['육개장', '탕수육&소스', '비름나물', '가지무침', '배추김치']], [['아욱된장국', '캔꽁치김치조림', '새송이버섯새우살볶음', '마늘쫑장아찌무침', '갓김치'], ['콩나물김치국', '고등어무조림', '진미채볶음', '염장다시마&초고추장', '깍두기'], ['차조밥', '오징어무국', '가쓰오브시계란말이', '감자채볶음', '쫄면야채무침', '열무김치']]]"
24,"[[['돼지등뼈시래기탕', '계란장조림', '도라지들깨볶음', '멸치꽈리고추조림', '배추김치'], ['건새우미역국', '가자미구이', '오이양파무침', '시금치나물', '배추김치'], ['콩나물국', '등심돈까스&소스', '참치김치볶음', '솎음열무나물', '과일샐러드']], [['북어채무두부국', '제육볶음&상추쌈', '콩나물매운무침', '배추김치'], ['물만두국', '두부전&양념장', '김자반무침', '머위대들깨나물', '배추김치'], ['종합어묵쑥갓국', '삼치카레구이', '숙주미나리나물', '양배추쌈&양념장', '배추김치']], [['코다리두부국', '오리정육야채볶음', '부추생채', '오이지양념무침', '배추김치'], ['팽이버섯된장국', '비엔나소세지야채볶음', '죽순나물', '꼴두기젓무침', '배추김치'], ['콩국수', '오징어무미나리초무침', '숙주맛살무침', '찐감자', '열무김치']], [['육개장', '생선까스&소스', '연근조림', '시금치나물', '배추김치'], ['참치김치찌개', '미트볼조림', '콩나물무침', '멸치엿조림', '석박지'], ['하이라이스', '시래기된장국', '무생채액젓무침', '떠먹는요거트', '배추김치']], [['장어탕', '두부조림', '미역줄기볶음', '가지무침', '배추김치'], ['두부호박청국장국', '고등어카레구이', '고구마줄기볶음', '깻잎지', '배추김치'], ['김가루주먹밥', '잔치국수', '단무지채쏭쏭무침', '오징어링튀김', '배추김치']], [['꽃게된장국', '치킨텐더&머스타드소스', '감자고추장엿조림', '숙주맛살무침', '배추김치'], ['누룽지', '코다리순살무조림', '도라지새우살볶음', '솎음열무초고추장무침', '석박지'], ['콩나물냉국', '소고기불고기', '쌈무&오이스틱', '참나물겉절이', '배추김치']], [['오리탕', '다진새송이해물전', '김자반무침', '숙주나물', '석박지'], ['삼색수제비국', '미트볼칠리소스조림', '미역줄기볶음', '오복채무침', '배추김치'], ['미역오이냉국', '닭감자조림', '오징어무미나리초무침', '머위대들깨나물', '배추김치']]]"
25,"[[['육개장', '순대야채볶음', '검정콩조림', '쫄단무지무침', '배추김치'], ['근대된장국', '모닝빵&블루베리쨈', '떠먹는요거트', '진미채볶음', '배추김치'], ['찰현미밥', '돼지등뼈시래기탕', '치즈 인 치킨까스', '꼬시래기무침', '가지무침', '배추김치']], [['건새우미역국', '고구마치즈돈까스&소스', '오이양파무침', '마카로니샐러드', '배추김치'], ['오징어무국', '두부조림', '감자채볶음', '명엽채볶음', '배추김치'], ['보리쌀밥', '참치김치찌개', '어묵잡채볶음', '김자반볶음', '애호박볶음', '열무김치']], [['시래기된장국', '고등어무조림', '멸치아몬드조림', '조미김', '열무김치'], ['어묵무쑥갓국', '색색야채계란찜', '검정콩조림', '도토리묵치커리무침', '깍두기'], ['보리쌀밥', '콩나물김치국', '제육볶음&상추쌈', '수박', '열무김치']], [['건새우미역국', '해물김치전', '진미채볶음', '콩나물무침', '열무김치'], ['누룽지', '연두부&양념장', '알어묵피망조림', '콜슬로우샐러드', '배추김치'], ['비빔밥', '시래기된장국', '오이양파무침', '찐감자', '유기농쌀식혜', '배추김치']], [['돈뼈감자탕', '부들어묵꽈리고추볶음', '미역줄기볶음', '참나물무침', '배추김치'], ['북어채무두부국', '감자채햄볶음', '해물완자전', '무말랭이장아찌무침', '배추김치'], ['감자호박고추장국', '갈치카레구이', '김자반볶음', '시금치나물', '석박지']], [['돈뼈감자탕', '참치계란야채전', '색동우엉잡채볶음', '오복채무침', '배추김치'], ['아욱된장국', '꽁치무조림', '조미김', '오이상추무침', '배추김치'], ['콩나물맑은국', '쇠고기야채볶음', '쌈무&오이스틱', '미역맛살무침', '배추김치']], [['미역오이냉국', '감자메추리알조림', '야채고로케&케찹', '가지무침', '배추김치'], ['북어채무두부국', '비엔나소세지야채볶음', '솎음열무나물', '멸치아몬드조림', '배추김치'], ['얼갈이된장국', '고등어카레구이', '실곤약야채무침', '미역줄기볶음', '배추김치']]]"
26,"[[['부대찌개', '순대야채볶음', '감자채볶음', '부추나물', '석박지'], ['누룽지', '사각어묵고추장볶음', '애호박새우살볶음', '색색야채계란찜', '배추김치'], ['검정쌀밥', '콩나물냉국', '쇠고기낙지야채볶음', '노각무침', '미역줄기볶음', '배추김치']], [['돈뼈감자탕', '삼치카레구이', '도라지오이초무침', '진미채볶음', '배추김치'], ['삼색수제비국', '쇠고기계란장조림', '오이생채', '숙주미나리나물', '배추김치'], ['근대된장국', '돼지갈비단호박찜', '골뱅이소면무침', '솎음열무나물', '석박지']], [['육개장', '미트볼조림', '느타리버섯새우살볶음', '으깬감자샐러드', '배추김치'], ['물만두국', '멸치호두볶음', '알어묵피망조림', '새콤무생채', '배추김치'], ['짜장라이스', '잔파계란국', '쫄단무지무침', '콩나물무침', '수박', '배추김치']], [['건새우미역국', '분홍소세지전', '진미채볶음', '애호박볶음', '열무김치'], ['쇠고기무국', '두부조림', '잔멸치고추장볶음', '마늘쫑건새우엿조림', '배추김치'], ['톳밥', '북어채계란국', '닭감자조림', '죽순나물', '콩나물무침', '배추김치']], [['유부두부장국', '돈육불고기', '풋고추&오이&쌈장', '매실냉차', '배추김치'], ['돈육김치찌개', '해물완자전', '감자채볶음', '쑥갓나물', '깍두기'], ['오징어무국', '삼치김치조림', '미역초무침', '얼갈이나물', '석박지']], [['감자호박된장국', '어묵떡볶이', '잡채군만두&양념장', '참나물무침', '배추김치'], ['코다리두부국', '감자메추리알조림', '미역줄기볶음', '가지무침', '배추김치'], ['김가루주먹밥', '잔치국수', '요구르트', '찐감자', '배추김치']], [['추어탕', '게맛살계란말이', '멸치아몬드조림', '콩나물무침', '배추김치'], ['크림스프', '모닝빵&딸기쨈', '명엽채볶음', '솎음열무나물', '배추김치'], ['참치김치찌개', '등심돈까스&소스', '천사채샐러드', '부추적채겉절이', '깍두기']]]"
27,"[[['건새우미역국', '돈육계란장조림', '부들어묵꽈리고추볶음', '마늘쫑장아찌무침', '배추김치'], ['감자수제비국', '미트볼조림', '애호박새우젓볶음', '김자반무침', '배추김치'], ['카레라이스', '얼갈이된장국', '도라지오이초무침', '매실냉차', '배추김치']], [['물만두국', '생선까스&소스', '단호박고구마샐러드', '깻잎장아찌무침', '배추김치'], ['쇠고기무두부국', '새우젓계란찜', '검정콩조림', '표고버섯새우살볶음', '배추김치'], ['콩국수', '오이소박이', '열무김치', '찐감자']], [['하이라이스', '팽이버섯된장국', '오이양파무침', '오징어링튀김', '배추김치'], ['누룽지', '두부조림', '도라지오이초무침', '느타리버섯볶음', '배추김치'], ['종합어묵쑥갓국', '치킨까스&소스', '오이&양파피클', '김가루무침', '배추김치']], [['오리탕', '온두부&양념장', '애호박전', '김자반볶음', '배추김치'], ['두부호박청국장국', '가자미구이', '멸치고추장무침', '새콤무생채', '배추김치'], ['열무비빔국수', '시래기된장국', '표고버섯새우살볶음', '찐옥수수', '배추김치']], [['아욱된장국', '돼지갈비떡찜', '꼬시래기무침', '느타리버섯볶음', '깍두기'], ['오징어무국', '비엔나소세지야채볶음', '쫄단무지무침', '얼갈이나물', '배추김치'], ['검정쌀밥', '닭개장', '고등어카레구이', '쫄면야채무침', '시금치나물', '배추김치']], [['장어탕', '해물김치전', '솎음열무나물', '가지볶음', '배추김치'], ['북어채무두부국', '동그랑땡전', '애호박볶음', '깻잎장아찌무침', '배추김치'], ['건새우아욱된장국', '쇠고기야채볶음', '쌈무&오이스틱', '매실냉차', '배추김치']], [['미역오이냉국', '순대야채볶음', '꼴두기젓무침', '사각어묵꽈리고추볶음', '배추김치'], ['콩나물국', '함박스테이크/소스', '노각무침', '스위트콘샐러드', '배추김치'], ['시래기된장국', '제육볶음&상추쌈', '수박', '배추김치']]]"
28,"[[['아욱된장국', '고등어카레구이', '도토리묵치커리무침', '애호박볶음', '배추김치'], ['누룽지', '연두부계란찜', '도라지나물', '부추생채', '배추김치'], ['영양닭죽', '노각무침', '풋고추쌈장무침', '고구마튀김', '과일음료', '열무김치']], [['콩나물국', '제육볶음&상추쌈', '매실냉차', '배추김치'], ['쇠고기무국', '어묵잡채볶음', '명엽채볶음', '참나물무침', '배추김치'], ['육개장', '두부조림', '김자반무침', '치즈떡어묵메추리알떡볶이', '열무김치']], [['감자호박고추장국', '고구마치즈돈까스&소스', '미역초무침', '스위트콘샐러드', '배추김치'], ['감자수제비국', '미트볼조림', '상추겉절이', '알어묵피망조림', '배추김치'], ['김치볶음밥', '시래기된장국', '동그랑땡전', '바나나우유', '열무김치']], [['돈뼈감자탕', '온두부&양념장', '쫄면야채무침', '김자반무침', '참치김치볶음'], ['얼갈이된장국', '감자메추리알조림', '분홍소세지전', '가지무침', '배추김치'], ['팥칼국수', '오이소박이', '숙주맛살무침', '찐옥수수', '배추김치']], [['닭곰탕', '계란야채말이', '검정콩조림', '미역오이채초무침', '배추김치'], ['북어채무두부국', '가자미구이', '조미김', '부추생채', '배추김치'], ['보리쌀밥', '물만두국', '떡갈비새송이버섯조림', '도라지오이초무침', '애호박새우살볶음', '배추김치']], [['부대찌개', '탕수육&소스', '염장다시마&초고추장', '도라지나물', '배추김치'], ['감자호박고추장국', '비엔나소세지야채볶음', '실곤약야채무침', '치커리사과무침', '배추김치'], ['쇠고기미역국', '두부조림', '참치야채볶음', '참나물겉절이', '배추김치']], [['종합어묵쑥갓국', '고등어순살김치조림', '진미채볶음', '솎음열무나물', '깍두기'], ['누룽지', '참조기구이', '도시락김', '알감자엿조림', '배추김치'], ['차조밥', '꽃게탕', '어묵잡채볶음', '멸치꽈리고추조림', '꼬시래기무침', '석박지']]]"
29,"[[['근대된장국', '색색야채계란찜', '멸치아몬드조림', '콩나물무침', '배추김치'], ['북어채무두부국', '애호박전', '부들어묵꽈리고추볶음', '미역초무침', '배추김치'], ['건새우미역국', '온두부&양념장', '참치김치볶음', '잔멸치메추리알장조림', '부추치커리액젓무침']], [['콩나물냉국', '오징어야채볶음', '쑥갓두부무침', '스위트콘샐러드', '알타리김치'], ['오징어무국', '돼지갈비떡찜', '오이생채', '고추지무침', '배추김치'], ['돼지등뼈시래기탕', '탕수육칠리소스볶음', '감자채볶음', '실곤약야채무침', '열무김치']], [['부대찌개', '잡채군만두&양념장', '단무지잔파쏭쏭무침', '치커리사과무침', '갓김치'], ['감자수제비국', '고등어카레구이', '오복채무침', '시금치나물', '배추김치'], ['하이라이스', '잔파계란국', '오징어링튀김', '우무콩냉국', '가지무침', '배추김치']], [['돼지등뼈시래기탕', '오리정육야채볶음', '김자반볶음', '부추생채', '배추김치'], ['두부호박청국장국', '게맛살계란말이', '명엽채볶음', '오이지양념무침', '석박지'], ['찰현미밥', '시래기된장국', '가자미구이', '해물볶음우동', '콩나물매운무침', '배추김치']], [['육개장', '돈육계란장조림', '깻잎지', '얼갈이나물', '배추김치'], ['순두부찌개', '치킨너겟&소스', '멸치아몬드조림', '참나물겉절이', '배추김치'], ['김가루주먹밥', '잔치국수', '요구르트', '핫도그&케찹', '열무김치']], [['쇠고기미역국', '미트볼조림', '감자메추리알조림', '새콤무생채', '배추김치'], ['물만두국', '삼치무조림', '사각어묵고추장볶음', '시금치나물', '배추김치'], ['오리탕', '비엔나소세지야채볶음', '오이&양파피클', '진미채볶음', '배추김치']], [['두부호박청국장국', '동그랑땡전', '감자엿조림', '느타리버섯새우살볶음', '배추김치'], ['물만두국', '게맛살계란말이', '감자고추장엿조림', '얼갈이나물', '배추김치'], ['검정쌀밥', '건새우미역국', '오징어야채볶음', '애호박전', '가지무침', '알타리김치']]]"
30,"[[['닭개장', '탕수육&소스', '미역줄기볶음', '무생채액젓무침', '열무김치'], ['참치김치찌개', '연근조림', '참치야채볶음', '콩나물무침', '깍두기'], ['해물굴소스볶음밥', '팽이버섯된장국', '꼬시래기무침', '노각무침', '수박', '배추김치']], [['콩나물국', '돈육불고기', '풋고추&쌈장', '요구르트', '배추김치'], ['오징어무국', '새우젓계란찜', '애호박볶음', '쫄단무지무침', '배추김치'], ['강낭콩밥', '육개장', '삼치데리야끼조림', '도라지오이초무침', '치즈떡어묵메추리알떡볶이', '배추김치']], [['물만두국', '순대야채볶음', '쑥갓나물', '검정콩조림', '배추김치'], ['쇠고기무두부국', '비엔나소세지야채볶음', '솎음열무나물', '오복채무침', '배추김치'], ['건새우미역국', '오리정육야채볶음', '실곤약야채무침', '고구마줄기볶음', '배추김치']], [['근대된장국', '등심돈까스&소스', '그린샐러드&유자드레싱', '가지무침', '배추김치'], ['누룽지', '해물완자전', '염장다시마&초고추장', '부추생채', '배추김치'], ['게살유부초밥', '메밀국수', '단무지잔파쏭쏭무침', '찐옥수수', '배추김치']], [['오징어무국', '치킨너겟&소스', '마카로니샐러드', '깻잎장아찌무침', '배추김치'], ['참치김치찌개', '감자채볶음', '알어묵피망조림', '참나물무침', '석박지'], ['콩나물국', '해물김치전', '치커리사과무침', '연근조림', '갓김치']], [['알어묵국', '쇠고기계란장조림', '꼬시래기무침', '무말랭이장아찌무침', '배추김치'], ['쇠고기미역국', '가자미구이', '멸치고추장무침', '오이&양파피클', '배추김치'], ['아욱된장국', '고등어카레구이', '김자반볶음', '애호박볶음', '배추김치']], [['종합어묵쑥갓국', '떡갈비새송이버섯조림', '오이지양념무침', '시금치나물', '배추김치'], ['콩나물매운국', '쇠고기야채볶음', '오징어브로컬리냉채&초고추장', '가지무침', '배추김치'], ['돈육김치찌개', '어묵잡채볶음', '새송이버섯볶음', '솎음열무나물', '알타리김치']]]"
31,"[[['미역오이냉국', '닭감자조림', '애호박볶음', '고추지무침', '배추김치'], ['아욱된장국', '오색산적전', '마늘쫑건새우엿조림', '부추생채', '배추김치'], ['하이라이스', '잔파계란국', '오이양파무침', '콩나물무침', '찐옥수수', '배추김치']], [['육개장', '청파래오징어까스&소스', '가지무침', '과일푸딩', '배추김치'], ['누룽지', '두부조림', '김자반볶음', '무생채액젓무침', '배추김치'], ['대구알탕', '돼지갈비단호박찜', '연근조림', '노각무침', '배추김치']], [['건새우미역국', '미트볼조림', '검정콩조림', '치커리사과무침', '배추김치'], ['삼색수제비국', '삼치카레구이', '오이양파무침', '쑥갓나물', '배추김치'], ['코다리두부국', '해물볶음우동', '가쓰오브시계란말이', '참나물무침', '배추김치']], [['물만두국', '비엔나소세지야채볶음', '도라지들깨볶음', '미역맛살무침', '배추김치'], ['얼갈이된장국', '돈육메추리알장조림', '명엽채볶음', '깻잎장아찌무침', '배추김치'], ['참치야채비빔밥', '팽이버섯된장국', '냉동새우튀김&케찹', '수박', '배추김치']], [['근대된장국', '탕수만두&소스', '스위트콘샐러드', '오이양파무침', '배추김치'], ['북어채계란국', '해물완자전', '감자엿조림', '시금치나물', '배추김치'], ['오징어무국', '순대야채볶음', '쑥갓두부무침', '가지무침', '배추김치']], [['돈뼈감자탕', '어묵잡채볶음', '마늘쫑건새우엿조림', '노각무침', '배추김치'], ['돈육김치찌개', '스크램블에그', '모닝빵&딸기쨈', '쥬시쿨', '깍두기'], ['김가루주먹밥', '잔치국수', '김말이튀김', '매실냉차', '배추김치']], [['장어탕', '오징어도라지초무침', '부들어묵꽈리고추볶음', '땅콩연근조림', '배추김치'], ['누룽지', '온두부&양념장', '새송이버섯볶음', '참나물무침', '배추김치'], ['유부두부장국', '소고기불고기', '가지무침', '쫄면야채무침', '배추김치']]]"
32,"[[['콩나물국', '제육볶음&상추쌈', '쥬시쿨', '배추김치'], ['물만두국', '감자채햄볶음', '오리훈제버섯볶음', '치커리사과무침', '배추김치'], ['닭고기카레라이스', '잔파계란국', '과일샐러드', '오이양파무침', '배추김치']], [['육개장', '색색야채계란찜', '멸치고추장무침', '조미김', '배추김치'], ['아욱된장국', '코다리순살무조림', '진미채볶음', '바나나', '깍두기'], ['잡곡밥', '사과오이냉국', '떡갈비새송이버섯조림', '감자채볶음', '솎음열무나물', '알타리김치']], [['찰현미밥', '건새우미역국', '삼치카레구이', '새송이버섯볶음', '숙주미나리나물', '배추김치'], ['북어채무두부국', '해물완자전', '깻잎장아찌무침', '얼갈이나물', '배추김치'], ['영양닭죽', '냉동새우튀김&케찹', '도라지오이초무침', '우무콩냉국', '배추김치']], [['감자호박고추장국', '등심돈까스&소스', '콩나물무침', '과일푸딩', '배추김치'], ['돈육김치찌개', '두부전&양념장', '무말랭이장아찌무침', '고구마줄기초무침', '갓김치'], ['검정쌀밥', '아욱된장국', '갈치카레구이', '돈육계란장조림', '노각무침', '배추김치']], [['돈뼈감자탕', '쫄면야채무침', '잡채군만두&양념장', '가지무침', '배추김치'], ['크림스프', '모닝빵&블루베리쨈', '햄벅스테이크&소스', '요구르트', '배추김치'], ['건새우미역국', '탕수육&소스', '애호박새우살볶음', '부추치커리액젓무침', '배추김치']], [['어묵무쑥갓국', '너비아니구이', '고구마줄기볶음', '김자반무침', '배추김치'], ['콩나물국', '미트볼조림', '감자메추리알조림', '새콤무생채', '배추김치'], ['짜장라이스', '잔파계란국', '단무지잔파쏭쏭무침', '매실냉차', '배추김치']], [['오징어무국', '치킨까스&소스', '스위트콘샐러드', '참나물겉절이', '배추김치'], ['삼색수제비국', '두부전&양념장', '명엽채볶음', '도토리묵치커리무침', '배추김치'], ['차조밥', '감자호박된장국', '삼치카레구이', '양배추쌈&양념장', '곤약메추리알장조림', '배추김치']]]"
33,"[[['얼갈이된장국', '고등어카레구이', '꼬시래기무침', '고구마줄기볶음', '배추김치'], ['동태탕', '계란장조림', '가지무침', '무생채액젓무침', '석박지'], ['부대찌개', '오징어야채볶음', '미역줄기볶음', '도라지오이초무침', '열무김치']], [['쇠고기미역국', '꽁치무조림', '치커리사과무침', '부추생채', '배추김치'], ['북어채계란국', '색동우엉잡채볶음', '도시락김', '노각무침', '배추김치'], ['잡곡밥', '유부팽이버섯된장국', '다진새송이해물전', '오징어야채볶음', '미역오이채초무침', '열무김치']], [['돈뼈감자탕', '잡채군만두&양념장', '쫄면야채무침', '애호박볶음', '배추김치'], ['물만두국', '비엔나소세지야채볶음', '얼갈이나물', '검정콩조림', '배추김치'], ['열무비빔국수', '미역오이냉국', '콩나물무침', '오징어링튀김', '떠먹는요거트', '배추김치']], [['오징어무국', '색색야채계란찜', '염장다시마&초고추장', '오이양파무침', '배추김치'], ['쇠고기야채죽', '돈육메추리알장조림', '쑥갓나물', '도토리묵치커리무침', '배추김치'], ['보리쌀밥', '얼갈이된장국', '제육볶음&상추쌈', '떠먹는요거트', '배추김치']], [['애호박찌개', '가자미구이', '숙주맛살무침', '오복채무침', '배추김치'], ['쇠고기무국', '삼치카레구이', '알어묵피망조림', '청경채나물', '배추김치'], ['참치김치찌개', '등심돈까스&소스', '마카로니샐러드', '참나물겉절이', '알타리김치']], [['건새우미역국', '김말이튀김', '노각무침', '오징어굴소스볶음', '배추김치'], ['감자호박고추장국', '연두부계란찜', '명엽채볶음', '가지무침', '배추김치'], ['콩국수', '오이양파무침', '찐옥수수', '요구르트', '배추김치']], [['육개장', '해물완자전', '멸치아몬드조림', '김자반무침', '배추김치'], ['누룽지', '게맛살계란말이', '도라지들깨볶음', '깻잎장아찌무침', '배추김치'], ['북어채콩나물국', '닭감자조림', '오이&양파피클', '느타리버섯볶음', '배추김치']]]"
34,"[[['얼갈이된장국', '돈육불고기', '부추생채', '유기농쌀식혜', '배추김치'], ['감자수제비국', '생선까스&소스', '고구마줄기볶음', '콩나물무침', '배추김치'], ['유부꽃어묵우동', '김가루주먹밥', '단무지잔파쏭쏭무침', '바나나우유', '배추김치']], [['참치김치찌개', '돈육잡채볶음', '솎음열무나물', '도시락김', '갓김치'], ['건새우미역국', '오리훈제야채무침', '새송이버섯볶음', '도라지오이초무침', '배추김치'], ['하이라이스', '시래기된장국', '실곤약야채무침', '부추오이무침', '바나나', '배추김치']], [['미역오이냉국', '두부조림', '삼치김치조림', '참나물무침', '배추김치'], ['물만두국', '돈육메추리알장조림', '김자반볶음', '콩나물무침', '배추김치'], ['유부팽이버섯된장국', '등심돈까스&소스', '크림스파게티&소스', '오이&양파피클', '배추김치']], [['감자호박고추장국', '돈육잡채볶음', '고구마줄기초무침', '오이생채', '배추김치'], ['종합어묵쑥갓국', '멸치아몬드조림', '느타리버섯볶음', '깻잎장아찌무침', '배추김치'], ['차조밥', '얼갈이된장국', '닭감자조림', '도토리묵치커리무침', '죽순들깨볶음', '배추김치']], [['국수장국&양념장', '알어묵고추장조림', '오이양파무침', '단호박고구마샐러드', '배추김치'], ['쇠고기미역국', '두부전&양념장', '새콤미나리무침', '숙주나물', '배추김치'], ['차조밥', '추어탕', '어묵잡채볶음', '콩나물무침', '김자반무침', '깍두기']], [['오징어무국', '게맛살계란말이', '애호박새우젓볶음', '마늘쫑장아찌무침', '배추김치'], ['동태알탕', '감자엿조림', '도토리묵치커리무침', '얼갈이나물', '깍두기'], ['호박두부된장국', '돈수육&새우젓무침', '부추오이무침', '배추김치']], [['콩나물김치국', '탕수육칠리소스볶음', '새송이버섯새우살볶음', '부추생채', '알타리김치'], ['팽이버섯된장국', '삼치카레구이', '검정콩조림', '가지무침', '배추김치'], ['유부꽃어묵우동', '치킨또띠아', '오징어시금치초무침', '포도', '배추김치']]]"
35,"[[['장어탕', '고구마튀김', '사각어묵꽈리고추볶음', '깻잎지', '배추김치'], ['육개장', '색색야채계란찜', '멸치꽈리고추조림', '쑥갓나물', '배추김치'], ['차조밥', '참치김치찌개', '쇠고기메추리알장조림', '순대야채볶음', '오징어젓무침', '석박지']], [['종합어묵쑥갓국', '오징어야채볶음', '스크램블에그', '미나리나물', '배추김치'], ['물만두국', '갈치무조림', '콩나물무침', '도토리묵치커리무침', '배추김치'], ['얼갈이된장국', '고구마치즈돈까스&소스', '골뱅이오이초무침', '무새우살나물', '배추김치']], [['동태알탕', '동그랑땡전', '멸치아몬드조림', '솎음열무나물', '갓김치'], ['쇠고기알토란탕', '참조기구이', '김자반무침', '시금치나물', '배추김치'], ['검정쌀밥', '근대된장국', '갈치카레구이', '비엔나소세지야채볶음', '꼬시래기무침', '배추김치']], [['돼지등뼈시래기탕', '감자엿조림', '오징어도라지초무침', '오리훈제야채무침', '배추김치'], ['북어채무두부국', '삼치김치조림', '명엽채볶음', '오이양파무침', '깍두기'], ['콩나물밥&부추양념장', '얼갈이된장국', '게맛살계란말이', '배추김치', '찐고구마', '떠먹는요거트']], [['보리쌀밥', '무우오뎅국', '제육볶음', '콩나물무침', '오이지양념무침', '배추김치'], ['누룽지', '계란장조림', '진미채볶음', '부추나물', '알타리김치'], ['육개장', '분홍소세지전', '애호박새우젓볶음', '새콤무생채', '배추김치']], [['아욱된장국', '꽁치무조림', '숙주맛살무침', '오징어브로컬리냉채&초고추장', '배추김치'], ['오징어무국', '비엔나소세지야채볶음', '멸치엿조림', '깻잎지', '백김치'], ['잔치국수', '사각어묵꽈리고추볶음', '오이양파무침', '배추김치', '단호박고구마샐러드']], [['얼갈이된장국', '돈육잡채볶음', '도토리묵치커리무침', '느타리버섯볶음', '배추김치'], ['동태알탕', '새우젓계란찜', '느타리버섯새우살볶음', '상추겉절이', '깍두기'], ['해물굴소스볶음밥', '잔파계란국', '실곤약야채무침', '알어묵고추장조림', '과일샐러드', '배추김치']]]"
36,"[[['코다리두부국', '쫄면야채무침', '비엔나소세지야채볶음', '부추생채', '배추김치'], ['매콤어묵국', '두부전&양념장', '김자반볶음', '꼴두기젓무침', '배추김치'], ['곤드레나물밥&양념장', '꽃게탕', '오리정육야채볶음', '새송이버섯볶음', '멸치아몬드조림', '배추김치']], [['건새우아욱된장국', '감자엿조림', '어묵떡볶이', '무새우살나물', '배추김치'], ['참치김치찌개', '오징어굴소스볶음', '연두부&양념장', '깻잎순볶음', '깍두기'], ['보리쌀밥', '무우오뎅국', '참치야채볶음', '게맛살계란말이', '미역맛살무침', '석박지']], [['새우살미역국', '돈육잡채볶음', '새송이버섯볶음', '오징어도라지초무침', '갓김치'], ['오징어무국', '두부조림', '김가루무침', '오이생채', '배추김치'], ['검정쌀밥', '쇠고기무두부국', '가자미구이', '탕수만두&소스', '콩나물매운무침', '배추김치']], [['찰현미밥', '두부된장국', '쇠고기메추리알장조림', '애호박전', '가지무침', '배추김치'], ['콩나물매운국', '삼치무조림', '표고버섯새우살볶음', '쑥갓두부무침', '배추김치'], ['영양밥&양념장', '얼갈이된장국', '돼지갈비떡찜', '도라지오이초무침', '숙주나물', '배추김치']], [['육개장', '해물김치전', '감자엿조림', '멸치젓무침', '배추김치'], ['쇠고기미역국', '온두부&양념장', '명엽채볶음', '무생채액젓무침', '참치김치볶음'], ['팽이버섯된장국', '고구마치즈돈까스&소스', '김가루무침', '솎음열무초고추장무침', '배추김치']], [['돼지등뼈시래기탕', '고구마맛탕', '느타리버섯새우살볶음', '분홍소세지전', '배추김치'], ['누룽지', '새우젓계란찜', '진미채볶음', '얼갈이나물', '갓김치'], ['물만두국', '꽁치김치조림', '콩나물무침', '해물완자전', '열무김치']], [['돈육김치찌개', '계란야채말이', '꼴두기젓무침', '깻잎순나물', '알타리김치'], ['근대된장국', '삼치카레구이', '애호박새우젓볶음', '미역오이채초무침', '배추김치'], ['검정쌀밥', '북어채무두부국', '닭감자조림', '미역줄기볶음', '무생채액젓무침', '배추김치']]]"
37,"[[['팽이버섯된장국', '대구콩나물찜', '해물볶음우동', '무생채액젓무침', '배추김치'], ['코다리두부국', '동그랑땡전', '어묵고추장볶음', '마늘쫑장아찌무침', '배추김치'], ['카레라이스', '우렁살된장찌개', '사각어묵고추장볶음', '시금치나물', '요구르트', '배추김치']], [['건새우미역국', '꽁치무조림', '연두부&양념장', '통배추나물', '열무김치'], ['꽃게된장국', '비엔나소세지야채볶음', '도토리묵상추무침', '꼴두기젓무침', '깍두기'], ['보리쌀밥', '콩나물맑은국', '제육볶음&상추쌈', '진미채볶음', '매실냉차', '배추김치']], [['버섯들깨탕', '온두부&양념장', '참치야채볶음', '김가루무침', '배추김치'], ['감자수제비국', '쇠고기야채볶음', '팽이버섯볶음', '오이지양념무침', '배추김치'], ['검정콩밥', '닭곰탕', '해물김치전', '갈비산적조림', '부추오이무침', '열무김치']], [['건새우아욱된장국', '돼지갈비조랭이떡찜', '미역오이채초무침', '얼갈이나물', '석박지'], ['동태알탕', '오징어굴소스볶음', '도토리묵상추무침', '콩나물무침', '배추김치'], ['오리탕', '고등어무조림', '해물완자전', '깻잎지', '배추김치']], [['자장밥', '잔파계란국', '골뱅이오이초무침', '요구르트', '배추김치'], ['누룽지', '계란장조림', '미역줄기볶음', '새콤무생채', '배추김치'], ['코다리두부국', '멸치아몬드조림', '쫄면야채무침', '솎음열무나물', '배추김치']], [['육개장', '탕수육칠리소스볶음', '김자반무침', '오이양파무침', '배추김치'], ['만두국', '가자미구이', '미역줄기볶음', '쑥갓두부무침', '배추김치'], ['두부호박청국장국', '꽁치무조림', '김자반무침', '깻잎지', '백김치']], [['북어채계란국', '쇠고기야채볶음', '해물완자전', '도라지나물', '배추김치'], ['돈육김치찌개', '참조기구이', '고사리들깨볶음', '두부전&양념장', '알타리김치'], ['쇠고기무두부국', '동태포전', '표고버섯새우살볶음', '배추김치', '참모시송편(기피)']]]"
38,"[[['보리쌀밥', '쇠고기미역국', '닭감자조림', '애호박새우젓볶음', '숙주나물', '배추김치'], ['순두부맑은탕', '해물파전', '염장다시마&초고추장', '무새우살나물', '배추김치'], ['아욱된장국', '제육볶음&상추쌈', '콩나물무침', '포도쥬스', '배추김치']], [['돈육김치찌개', '해물완자전', '오징어젓무침', '참나물겉절이', '깍두기'], ['얼갈이된장국', '갈치무조림', '멸치꽈리고추조림', '시금치나물', '배추김치'], ['콩나물맑은국', '돈육잡채볶음', '감자채볶음', '부추오이무침', '배추김치']], [['오징어무국', '감자채햄볶음', '미역줄기볶음', '오이생채', '배추김치'], ['누룽지', '쇠고기메추리알장조림', '마늘쫑장아찌무침', '솎음열무나물', '배추김치'], ['찰현미밥', '돈뼈감자탕', '오리훈제버섯볶음', '미역오이채초무침', '가쓰오브시계란말이', '배추김치']], [['북어채무두부국', '제육볶음&상추쌈', '콩나물무침', '배추김치'], ['코다리두부국', '비엔나소세지야채볶음', '검정콩조림', '새콤무생채', '배추김치'], ['김가루주먹밥', '잔치국수', '과일음료', '오징어시금치초무침', '샐러드식빵', '배추김치']], [['참치김치찌개', '어묵떡볶이', '염장다시마&초고추장', '솎음열무나물', '알타리김치'], ['옥수수스프', '모닝빵&블루베리쨈', '청파래오징어까스&소스', '쫄단무지무침', '배추김치'], ['북어채콩나물국', '삼치김치조림', '깻잎순볶음', '명엽채볶음', '배추김치']], [['유부팽이버섯된장국', '돈육메추리알장조림', '미역줄기볶음', '쑥갓두부무침', '배추김치'], ['근대된장국', '새우젓계란찜', '느타리버섯새우살볶음', '꼴두기젓무침', '배추김치'], ['코다리두부국', '닭감자조림', '진미채볶음', '메밀묵김가루무침', '배추김치']], [['돈뼈감자탕', '해물김치전', '쫄면야채무침', '김자반볶음', '알타리김치'], ['종합어묵쑥갓국', '참조기구이', '무새우살나물', '시금치나물', '배추김치'], ['검정쌀밥', '쇠고기미역국', '닭감자조림', '멸치아몬드조림', '새송이버섯새우살볶음', '배추김치']]]"
39,"[[['돈육김치찌개', '갈치카레구이', '감자채햄볶음', '쑥갓나물', '깍두기'], ['코다리두부국', '비엔나소세지야채볶음', '미역줄기볶음', '숙주미나리나물', '배추김치'], ['닭고기카레라이스', '시래기된장국', '콩나물매운무침', '유기농쌀식혜', '꼬시래기무침', '배추김치']], [['건새우미역국', '등심돈까스&소스', '샐러드&키위드레싱', '시금치나물', '배추김치'], ['동태탕', '소고기불고기', '도라지나물', '숙주맛살무침', '배추김치'], ['찰현미밥', '쇠고기무두부국', '돈육잡채볶음', '김말이튀김', '오이양파무침', '배추김치']], [['우렁살된장찌개', '온두부&양념장', '오징어무미나리초무침', '마늘쫑장아찌무침', '참치김치볶음'], ['누룽지', '색색야채계란찜', '명엽채볶음', '가지무침', '배추김치'], ['해물굴소스볶음밥', '잔파계란국', '양배추&무 피클', '골뱅이오이초무침', '고구마튀김', '배추김치']], [['육개장', '생선까스&소스', '도토리묵상추무침', '숙주맛살무침', '배추김치'], ['유부팽이버섯된장국', '미트볼조림', '스크램블에그', '미역오이채초무침', '배추김치'], ['차조밥', '콩나물김치국', '오리훈제버섯볶음', '해물볶음우동', '무생채액젓무침', '알타리김치']], [['감자호박된장국', '어묵떡볶이', '순대야채볶음', '무새우살나물', '배추김치'], ['북어채무두부국', '게맛살계란말이', '오이생채', '새콤미나리무침', '배추김치'], ['검정쌀밥', '꽃게탕', '돈육잡채볶음', '조미김', '부추나물', '배추김치']], [['콩나물국', '오삼불고기', '쌈무&오이스틱', '얼갈이나물', '배추김치'], ['삼색수제비국', '동그랑땡전', '멸치고추장무침', '감자채볶음', '배추김치'], ['참치김치찌개', '꽁치무조림', '연두부&양념장', '고추지무침', '배추김치']], [['오징어무국', '삼치김치조림', '감자채볶음', '가지무침', '알타리김치'], ['코다리두부국', '계란후라이', '도라지나물', '마늘쫑건새우엿조림', '배추김치'], ['기장밥', '돈뼈감자탕', '온두부&양념장', '비엔나소세지야채볶음', '솎음열무나물', '참치김치볶음']]]"
